"last_name, first_name","player_id","year","xba","xslg","woba","xwoba","xobp","xiso","wobacon","xwobacon","bacon","xbacon","exit_velocity_avg","launch_angle_avg","barrel_batted_rate","z_swing_percent","oz_swing_percent","oz_contact_percent","iz_contact_percent","whiff_percent",""
"Beltran, Carlos","136860","2017",".229",".369",".283",".284",".284",".139",".325",".325",".291",".293","87.3","13.4",4.6,66.4,32.5,64.9,89.1,19.8,
"Pujols, Albert","405395","2017",".262",".444",".286",".316",".305",".182",".311",".349",".284",".308","88.7","13.5",5.4,64.1,32,64,87.9,20.6,
"Mauer, Joe","408045","2017",".308",".469",".349",".368",".387",".161",".363",".389",".360",".364","90.6","6.2",4.5,53.6,19.1,75,90.9,12.8,
"Cabrera, Miguel","408234","2017",".282",".521",".313",".370",".359",".239",".354",".437",".323",".367","91.1","12.4",10.5,73,30.3,62.2,83.8,23.1,
"Phillips, Brandon","408252","2017",".272",".380",".316",".300",".308",".108",".340",".322",".326",".312","84.6","8.2",2.4,75.6,39.4,68.3,86.8,20.2,
"Reyes, Jose","408314","2017",".242",".351",".312",".293",".313",".108",".325",".300",".289",".287","84.3","15.8",2.6,62.8,29.6,71.3,87.4,17.7,
"Choo, Shin-Soo","425783","2017",".269",".476",".339",".367",".368",".207",".377",".419",".342",".358","88.7","7.9",8.6,63.6,20.5,57.3,82.2,22.9,
"Molina, Yadier","425877","2017",".272",".462",".316",".330",".316",".189",".345",".363",".314",".319","87.9","14.5",5.9,70.9,33.2,71.4,84.8,18.7,
"Cano, Robinson","429664","2017",".294",".486",".334",".355",".352",".192",".358",".384",".325",".343","90.3","7.5",6.3,74.2,30.8,67.7,88.5,17.8,
"Encarnacion, Edwin","429665","2017",".266",".530",".373",".389",".387",".264",".411",".436",".336",".350","89.2","16.8",10.3,67.8,20.9,57.4,80.5,25.4,
"Bautista, Jose","430832","2017",".210",".380",".295",".306",".316",".171",".329",".346",".281",".293","88.3","17",6.6,62.9,22.7,56.3,78.1,28.4,
"Jones, Adam","430945","2017",".263",".438",".334",".317",".302",".175",".387",".364",".349",".323","86.9","11.9",6.4,79.8,41.5,61.2,84.4,24.4,
"Granderson, Curtis","434158","2017",".225",".454",".330",".340",".337",".229",".372",".390",".289",".311","87.7","20.2",10.9,58.5,19.8,62.8,86.6,19.2,
"Ramirez, Hanley","434670","2017",".264",".482",".318",".347",".340",".218",".366",".408",".316",".344","88.5","12.6",9.5,71.4,28.1,55.1,83.2,25.6,
"Morales, Kendrys","434778","2017",".270",".512",".320",".354",".327",".241",".378",".426",".325",".352","91.1","9.5",10,71.4,32.2,58.9,77.9,29,
"Kinsler, Ian","435079","2017",".256",".428",".313",".328",".331",".172",".321",".341",".280",".304","86.3","19.5",4.9,64.1,25,70.7,89.4,15.5,
"Cruz Jr., Nelson","443558","2017",".288",".597",".385",".405",".378",".309",".457",".487",".378",".382","93.2","12.4",14.2,70.2,27.8,50.3,78.5,30.5,
"Trumbo, Mark","444432","2017",".237",".403",".295",".300",".291",".166",".360",".369",".319",".323","89.8","12.7",7.1,71.6,31.3,54.1,78.6,29.9,
"Peralta, David","444482","2017",".262",".399",".342",".316",".324",".136",".377",".343",".355",".318","88","4.2",4.1,70.5,28.8,61.5,85.5,21.8,
"Escobar, Alcides","444876","2017",".253",".355",".269",".272",".275",".101",".308",".312",".299",".304","84","14",2.2,73.2,35.5,67.2,83.5,20.4,
"Longoria, Evan","446334","2017",".249",".411",".312",".310",".306",".161",".342",".338",".310",".301","86.7","12.7",5.2,68.7,32.2,66.5,85.4,20.9,
"Cozart, Zack","446359","2017",".255",".400",".392",".330",".349",".146",".422",".336",".357",".308","85.8","14.8",4.4,61,21.6,67.9,89.7,16,
"Reynolds, Mark","448602","2017",".224",".421",".357",".319",".315",".198",".470",".405",".399",".335","87.2","11.8",8.3,67.2,22.6,42,73.8,34.2,
"Davis, Chris","448801","2017",".223",".447",".312",".329",".320",".224",".455",".489",".370",".392","90.1","15",12.8,59,27.4,44.4,74.3,35.2,
"Headley, Chase","452104","2017",".250",".387",".329",".316",".333",".137",".381",".361",".362",".333","87.2","11.7",4.6,66.4,24.2,55.5,80.9,26,
"Pence, Hunter","452254","2017",".255",".425",".303",".319",".313",".170",".341",".363",".324",".321","89","4.2",5.8,65,28.2,61.4,79.2,26.9,
"Span, Denard","452655","2017",".283",".409",".325",".327",".340",".126",".340",".343",".315",".329","85.3","11",3.3,64.6,23.4,74.8,91.5,11.7,
"Cabrera, Asdrubal","452678","2017",".264",".430",".338",".331",".338",".166",".360",".351",".334",".316","87.2","12",4.7,70.2,25.4,67.6,85.7,18.9,
"Blackmon, Charlie","453568","2017",".290",".519",".414",".372",".363",".229",".487",".428",".416",".365","87.3","13.4",8.7,64,27.4,66.4,86.8,18.9,
"Frazier, Todd","453943","2017",".234",".456",".335",".355",".363",".221",".355",".389",".285",".317","87.5","20.3",9.6,60,22.3,64.8,77.8,25.7,
"Markakis, Nick","455976","2017",".269",".382",".321",".320",".350",".113",".342",".341",".335",".330","88.3","8.8",3.3,59,23.3,76,88.1,15.6,
"Cain, Lorenzo","456715","2017",".300",".432",".347",".348",".364",".132",".376",".378",".360",".362","89.1","10.2",3.5,71.8,26.4,58.1,88.2,19.8,
"McCutchen, Andrew","457705","2017",".283",".481",".360",".362",".367",".198",".399",".402",".348",".354","88.4","14.2",7.7,68.4,20.6,66.5,82.5,21.2,
"Upton, Justin","457708","2017",".255",".508",".378",".361",".345",".253",".496",".468",".402",".375","88.8","15.7",13.2,64.9,24,54.5,75.1,30.5,
"Turner, Justin","457759","2017",".298",".548",".400",".399",".398",".249",".401",".399",".360",".336","89.4","18.5",8.6,67.5,21.6,74.1,87.9,15.7,
"Posey III, Buster","457763","2017",".277",".443",".366",".345",".365",".165",".378",".352",".365",".319","88.7","11.6",3.5,66.2,23.4,73.5,87.9,15.9,
"Bruce, Jay","457803","2017",".261",".501",".350",".354",".332",".241",".418",".424",".337",".347","88.4","18.4",10.5,72.8,29.5,53.8,80.9,27.6,
"Votto, Joey","458015","2017",".299",".555",".428",".416",".439",".257",".434",".417",".371",".348","87.5","14.1",9.1,70.4,13.2,70.9,87.2,15.4,
"Gardner, Brett","458731","2017",".269",".404",".336",".333",".355",".135",".364",".360",".331",".338","86.4","10.3",3.8,52.6,21.7,70.8,89.2,15.4,
"Joyce, Matt","459964","2017",".254",".480",".343",".356",".349",".226",".384",".404",".314",".335","88.2","15.1",8.8,66.7,19,60.9,79.3,24.9,
"Gordon, Alex","460086","2017",".225",".358",".269",".296",".312",".133",".297",".338",".280",".308","86.3","13.8",4.5,69.6,25.3,60,82.8,23,
"Andrus, Elvis","462101","2017",".264",".406",".344",".309",".308",".141",".381",".338",".350",".313","86.5","7.6",4.2,63.2,31.8,66.9,86.9,19.5,
"Cabrera, Melky","466320","2017",".297",".426",".319",".331",".337",".130",".337",".351",".321",".337","88.3","8.9",3.8,63.7,30.9,74.3,93,13.4,
"Santana, Carlos","467793","2017",".266",".463",".350",".359",".371",".197",".356",".368",".309",".320","88.6","13",7.5,61,19.7,68.6,84.7,19.4,
"Gonzalez, Carlos","471865","2017",".235",".367",".327",".303",".318",".132",".379",".343",".345",".314","87.5","6.2",5.9,71.5,32,48.8,77.6,31.9,
"Mercer, Jordy","474568","2017",".254",".374",".308",".299",".326",".121",".336",".323",".308",".307","85.8","9.1",3.1,61.3,23.8,67.9,91.1,15.6,
"Alonso, Yonder","475174","2017",".260",".497",".366",".362",".359",".237",".432",".427",".360",".352","89.2","19.4",9.9,72.5,26,58.3,80.1,26.1,
"Smoak, Justin","475253","2017",".278",".567",".371",".390",".363",".289",".427",".454",".348",".360","89.6","17.1",13.6,65.7,24,60.2,83.6,23.5,
"Zimmerman, Ryan","475582","2017",".290",".555",".387",".378",".347",".265",".474",".462",".395",".379","91.4","8.3",12.2,61.8,29.2,61.3,83.4,24.4,
"Lowrie, Jed","476704","2017",".289",".481",".347",".365",".371",".191",".367",".392",".334",".349","89.1","18.7",6,74.6,22.1,65,85.9,18.7,
"Morrison, Logan","489149","2017",".253",".511",".363",".368",".361",".258",".440",".448",".344",".357","88.6","17.6",12.8,69.5,25.1,52.6,78.9,28.8,
"Gurriel, Yuli","493329","2017",".287",".435",".344",".326",".323",".148",".369",".347",".334",".324","89.9","10.4",3.4,69.1,30.5,68.4,89.3,17.6,
"Solarte, Yangervis","500208","2017",".242",".376",".311",".295",".305",".134",".322",".302",".291",".278","85.4","14.7",3.9,71.9,33.5,71.7,91,15.9,
"Freese, David","501896","2017",".258",".395",".326",".341",".368",".137",".366",".389",".357",".357","88.9","3.1",6.4,61.7,24.1,64.3,82,23.2,
"Davis, Khris","501981","2017",".259",".575",".361",".387",".349",".316",".478",".522",".370",".393","92.2","14.2",17.7,75.1,21.8,42.4,74,33.7,
"Pham, Tommy","502054","2017",".278",".481",".398",".377",".388",".203",".466",".432",".412",".375","89.6","6.9",9.3,59.6,16.2,55.9,85.3,20.9,
"Reddick, Josh","502210","2017",".291",".440",".357",".340",".347",".149",".385",".363",".360",".340","87.7","17.8",3.8,64.5,27.6,71.1,90.9,15.6,
"Murphy, Daniel","502517","2017",".301",".492",".385",".359",".366",".191",".421",".389",".374",".350","89.6","17.3",4.8,66.5,30.6,77.5,91,13.7,
"Goldschmidt, Paul","502671","2017",".284",".560",".400",".397",".393",".276",".480",".475",".400",".383","91.5","11.6",13.3,62.1,23,61.7,78.6,26.5,
"Gonzalez, Marwin","503556","2017",".247",".408",".382",".320",".330",".161",".443",".355",".385",".318","88.7","11.7",6.6,61.7,26.6,64.9,86.7,20.2,
"Altuve, Jose","514888","2017",".291",".477",".405",".360",".363",".187",".435",".378",".400",".338","86.1","9.7",6.7,67.7,31.9,71.9,89.6,16.8,
"Hernandez, Cesar","514917","2017",".271",".396",".346",".331",".355",".125",".379",".360",".368",".342","85.7","4.5",2.9,61.5,20.4,57.9,83.9,20.6,
"Segura, Jean","516416","2017",".272",".402",".334",".315",".325",".130",".366",".343",".355",".324","87.6","6.7",3.2,66.6,31.9,73.4,88.6,15.8,
"Freeman, Freddie","518692","2017",".292",".595",".407",".406",".392",".302",".470",".469",".389",".373","89.7","16",13.3,82.1,29,62.5,80.2,24.9,
"LeMahieu, DJ","518934","2017",".304",".404",".342",".341",".370",".100",".357",".357",".361",".355","89.3","3.3",1.9,59,22.3,76.5,89.9,12.6,
"Moreland, Mitch","519048","2017",".271",".532",".326",".371",".351",".261",".371",".437",".318",".355","89.3","11.6",12,69.2,27.3,55.1,83.1,25.8,
"Moustakas, Mike","519058","2017",".268",".492",".345",".338",".314",".224",".392",".383",".323",".323","87.4","18.2",8.6,75.8,39,65.8,87,20.9,
"Rizzo, Anthony","519203","2017",".285",".522",".380",".395",".405",".237",".382",".403",".321",".339","88.4","15.5",9.3,67,27.9,68,87.6,18.2,
"Souza Jr., Steven","519306","2017",".238",".458",".348",".350",".352",".219",".439",".443",".362",".363","88.8","11.7",11.5,69.5,21.4,46.6,74.6,31.9,
"Stanton, Giancarlo","519317","2017",".277",".599",".410",".403",".373",".322",".512",".501",".384",".380","92","11.2",17.4,66.5,24.4,48.3,77.6,31.8,
"Thames, Eric","519346","2017",".228",".455",".369",".342",".343",".227",".483",".436",".379",".350","88.2","12.8",11.1,66.7,23.7,48.5,77.2,31.5,
"Galvis, Freddy","520471","2017",".242",".360",".298",".286",".298",".118",".326",".312",".309",".295","86.3","15.2",2.4,67.4,32,69.4,87.5,17.6,
"Garcia, Avisail","541645","2017",".296",".513",".375",".365",".349",".218",".448",".434",".419",".377","90.3","7.6",8.8,83.4,37.7,49.8,81.7,29.3,
"Inciarte, Ender","542255","2017",".264",".351",".328",".292",".315",".087",".352",".308",".351",".308","82.8","10.2",0.5,71.1,35.8,76,88.1,14.3,
"Ozuna, Marcell","542303","2017",".284",".520",".388",".369",".351",".236",".468",".440",".406",".370","90.9","10.2",9.3,72.8,30,56.1,81.5,26.9,
"Beckham, Tim","542921","2017",".261",".446",".334",".327",".313",".186",".446",".436",".403",".381","88.4","8.5",9.5,71.2,30.3,49.1,77,30.8,
"Crawford, Brandon","543063","2017",".241",".394",".301",".302",".300",".153",".346",".347",".316",".310","87.5","11.3",5.8,76.2,28.8,51.5,80,27.9,
"Harrison, Josh","543281","2017",".252",".390",".332",".311",".323",".138",".361",".333",".331",".309","84.9","16.5",2.7,73,33,69.1,81.3,21.7,
"Hosmer, Eric","543333","2017",".286",".454",".376",".352",".357",".168",".414",".382",".383",".347","89.8","3.9",7,69.7,26.9,59.5,86.4,21.6,
"Rendon, Anthony","543685","2017",".275",".478",".394",".369",".384",".203",".410",".375",".354",".326","89.8","18.3",6.5,61.7,18.8,70.7,90,14.2,
"Shaw, Travis","543768","2017",".251",".440",".361",".328",".329",".189",".436",".388",".365",".336","88.6","14.9",7.4,66.8,27.6,66.2,84.5,21.1,
"Springer III, George","543807","2017",".288",".528",".376",".384",".373",".241",".417",".429",".351",".360","89.2","9.3",9.3,68,22.3,57.8,83,23.3,
"Strange-Gordon, Dee","543829","2017",".261",".317",".312",".274",".300",".056",".340",".294",".356",".307","81.6","2.2",0.2,69.8,36,73,86.4,14.1,
"Gregorius, Didi","544369","2017",".262",".385",".335",".294",".298",".123",".364",".315",".325",".300","84.5","17.7",3.6,81.7,37.9,65.1,84.6,21.8,
"Trout, Mike","545361","2017",".294",".589",".437",".425",".434",".295",".491",".472",".389",".377","88.8","18",13.3,58.8,18.8,63.5,88.3,18.2,
"Herrera, Odubel","546318","2017",".261",".408",".329",".308",".307",".148",".403",".376",".368",".344","87.2","9.7",6.2,71.2,38.1,59.9,81.1,26.6,
"Abreu, Jose","547989","2017",".290",".520",".377",".364",".342",".231",".438",".420",".374",".358","90.6","11.1",9.5,67.3,30.5,59.3,86.4,22.5,
"Suarez, Eugenio","553993","2017",".261",".439",".356",".352",".368",".179",".410",".404",".355",".357","86.2","14.8",6.9,64.3,21.5,54,83.2,24.4,
"Santana, Domingo","570267","2017",".266",".461",".372",".355",".361",".195",".490",".461",".417",".401","89.2","10.5",9.4,70.5,24.2,48.9,75,32.2,
"Sanchez, Yolmer","570560","2017",".241",".356",".313",".285",".297",".115",".367",".329",".342",".312","84.8","10.4",3.4,67.5,33.2,60.2,83.1,23.6,
"Schoop, Jonathan","570731","2017",".271",".441",".355",".330",".320",".171",".426",".391",".374",".350","87.8","13",7,75.2,33,56.3,80,28.1,
"Arenado, Nolan","571448","2017",".280",".525",".395",".366",".349",".245",".444",".406",".370",".337","88.8","17.6",8.5,71.1,28.1,59.8,84.4,23.3,
"Hamilton, Billy","571740","2017",".239",".289",".278",".262",".293",".050",".320",".298",".319",".311","80.5","10.2",0.4,65.2,26.7,68.9,82.2,19.2,
"Joseph, Tommy","571830","2017",".238",".401",".305",".298",".290",".163",".376",".366",".322",".324","89.3","14.1",7.3,67.7,34.4,56.6,83.5,26.6,
"Lamb, Jake","571875","2017",".253",".466",".353",".353",".364",".213",".419",".420",".342",".353","88.3","12.2",9.3,60.6,20.4,54.6,83.9,23.8,
"Myers, Wil","571976","2017",".234",".442",".335",".330",".323",".208",".422",".415",".350",".343","89.4","15.4",9.1,65,25.3,59.1,80.9,25.8,
"Seager, Kyle","572122","2017",".258",".477",".326",".344",".333",".219",".355",".380",".304",".318","88.3","21",8.6,62.4,23.6,64.9,84.1,20.9,
"Carpenter, Matt","572761","2017",".253",".480",".361",".379",".396",".228",".379",".409",".318",".338","89.7","22.6",8.2,55.7,14.2,59.8,84.6,19.5,
"Dickerson, Corey","572816","2017",".255",".444",".341",".314",".299",".190",".433",".396",".379",".343","87.2","13.9",7.5,78.7,42.7,68.9,73.1,28.6,
"Dozier, Brian","572821","2017",".244",".468",".362",".342",".336",".224",".413",".384",".349",".316","87.9","16.7",8.4,59.6,25.7,64.7,79.8,24.6,
"Bryant, Kris","592178","2017",".260",".497",".399",".376",".382",".237",".445",".410",".379",".337","87","17",9.6,71,24.3,61.4,82.1,24.1,
"Castellanos, Nick","592206","2017",".293",".542",".341",".373",".342",".249",".408",".454",".350",".380","89.1","14.2",10.7,73.1,31.8,54.4,82.2,26.8,
"Gamel, Ben","592325","2017",".254",".378",".315",".297",".304",".124",".379",".353",".359",".333","86.3","10.9",4.1,62.3,26.6,63.2,85.3,20.9,
"Healy, Ryon","592387","2017",".253",".446",".320",".313",".287",".193",".401",".392",".358",".337","88.3","12.8",7.6,62.2,33.6,56.2,83,26.8,
"Judge, Aaron","592450","2017",".287",".668",".430",".450",".427",".381",".600",".641",".456",".466","95","15.8",25.7,66.1,22.8,39.7,77,34.9,
"Machado, Manny","592518","2017",".279",".517",".328",".360",".333",".238",".366",".409",".311",".341","91.3","13.6",10.5,71.9,29.6,60.6,86.3,21.9,
"Realmuto, J.T.","592663","2017",".279",".444",".332",".335",".335",".165",".380",".384",".345",".349","88.2","10.1",6.3,66.9,28.4,65.8,86.6,19.2,
"Rosario, Eddie","592696","2017",".264",".478",".349",".332",".306",".214",".407",".383",".354",".324","87.2","13.3",7.4,76,36.8,68.8,78.6,24,
"Simmons, Andrelton","592743","2017",".261",".381",".323",".307",".318",".119",".328",".309",".309",".294","86.1","7.8",2.5,66.5,26.7,76.1,89.4,13.5,
"Yelich, Christian","592885","2017",".281",".453",".348",".357",".371",".172",".389",".403",".361",".363","90.6","4.6",7,64,23.1,57.7,85.7,22.1,
"Merrifield, Whit","593160","2017",".275",".454",".332",".327",".314",".179",".365",".359",".334",".321","87.6","16.4",5.1,68.5,32.2,68.7,88.1,17.5,
"Bogaerts, Xander","593428","2017",".243",".332",".321",".287",".317",".089",".357",".309",".341",".305","87.3","8.1",1.3,55.1,29.1,63.6,87.5,20.8,
"Polanco, Jorge","593871","2017",".240",".362",".309",".291",".302",".122",".328",".305",".300",".286","85","16.3",2.6,62.4,24.2,66.9,89.8,14.4,
"Calhoun, Kole","594777","2017",".249",".412",".315",".327",".340",".163",".345",".364",".315",".325","88.3","12.3",5.7,70.9,28.9,58.6,81.5,25.7,
"Duvall, Adam","594807","2017",".226",".420",".327",".301",".284",".194",".414",".377",".341",".315","87.3","21.1",8.9,66.3,31.4,60.5,81,26,
"Schebler, Scott","594988","2017",".256",".493",".330",".348",".330",".237",".396",".424",".312",".346","89.1","11.6",10.2,76.3,32.8,58,76.6,29.2,
"Baez, Javier","595879","2017",".239",".429",".326",".295",".287",".189",".451",".406",".391",".346","87.9","10.1",8.4,73.3,42.9,47.3,75,36.2,
"Lindor, Francisco","596019","2017",".280",".500",".353",".357",".345",".220",".376",".382",".317",".327","89.1","14.6",7.1,67.8,28.9,70.9,90.5,15.3,
"Odor, Rougned","596059","2017",".230",".404",".272",".289",".277",".174",".337",".362",".276",".313","89.1","15.9",6,71.7,37.2,59.6,82.8,25.9,
"Story, Trevor","596115","2017",".217",".409",".323",".299",".289",".192",".464",".422",".383",".350","89.4","19.2",10.5,68.9,26.8,48.7,75.8,31.4,
"Sanchez, Gary","596142","2017",".288",".552",".368",".385",".356",".264",".446",".472",".369",".386","90.8","13.1",11.8,66.1,32.5,56,80.6,28.5,
"Kepler, Max","596146","2017",".244",".375",".315",".302",".315",".131",".356",".338",".310",".314","88.7","13.2",4,61.1,26.8,59.4,85.2,22.2,
"Franco, Maikel","596748","2017",".246",".397",".292",".303",".299",".151",".316",".330",".272",".296","88.8","11.5",6,74.7,28.5,66.7,82.4,22.3,
"Bradley Jr., Jackie","598265","2017",".238",".407",".313",".316",".319",".169",".364",".369",".328",".322","88.3","9.5",7.5,67.1,26,56.4,75.6,29.6,
"Bell, Josh","605137","2017",".261",".432",".338",".333",".341",".171",".378",".371",".321",".330","87.6","8.6",6.4,66.9,24.1,65.6,81.1,23.5,
"Betts, Mookie","605141","2017",".273",".436",".339",".340",".355",".163",".342",".344",".300",".313","88.4","14.3",4.5,53.4,19.3,70.1,89.6,15.7,
"Panik, Joe","605412","2017",".256",".374",".329",".307",".324",".118",".330",".304",".316",".287","85","11.4",2.6,63.9,23.2,78.8,92.7,11.1,
"Arcia, Orlando","606115","2017",".243",".352",".309",".278",".296",".109",".359",".318",".342",".304","85.7","6.8",3.9,74.8,34.7,59.5,80.5,25.6,
"Peraza, Jose","606299","2017",".282",".365",".273",".301",".320",".083",".292",".327",".301",".330","82.8","11.2",1.7,68.2,34.4,69.1,90.4,15.2,
"Pillar, Kevin","607680","2017",".270",".401",".302",".311",".315",".131",".329",".341",".303",".321","86","13",3.4,67.9,36.9,69.2,90.8,16.4,
"Ramirez, Jose","608070","2017",".302",".487",".396",".360",".360",".185",".420",".376",".357",".340","88.2","15",5,65.8,23.1,76,90.4,13.6,
"Bregman, Alex","608324","2017",".274",".439",".351",".338",".344",".165",".379",".362",".339",".328","87.6","16.4",4.7,65.9,24.1,70,88.6,16.5,
"Gallo, Joey","608336","2017",".224",".560",".364",".379",".345",".335",".538",".570",".372",".398","93.3","23",22.1,72.8,28.3,37.5,66.8,43.4,
"Seager, Corey","608369","2017",".300",".522",".364",".383",".381",".221",".427",".455",".387",".395","89.7","11.1",8.5,78.3,25.7,50,81.3,27.2,
"Mazara, Nomar","608577","2017",".248",".424",".317",".318",".319",".176",".365",".365",".326",".320","89","11.3",6.5,65.3,30.9,61.5,82,25.7,
"Swanson, Dansby","621020","2017",".244",".343",".276",".295",".327",".099",".310",".338",".304",".326","86.9","8.3",3,66.4,24.8,59.9,82.7,23.7,
"Taylor, Chris","621035","2017",".270",".453",".361",".342",".339",".182",".451",".424",".397",".375","87.1","12.2",8,68.5,22.2,47.5,82.3,25.3,
"Buxton, Byron","621439","2017",".236",".387",".312",".298",".300",".151",".412",".394",".373",".352","88.1","15.2",5.6,66.7,32,49.5,74.9,30.4,
"Margot, Manuel","622534","2017",".259",".369",".309",".300",".313",".110",".358",".347",".332",".334","85.3","10.4",2.6,63.2,26.9,64,83.8,21.4,
"Puig, Yasiel","624577","2017",".269",".492",".349",".359",".354",".223",".385",".400",".324",".337","88.5","10.4",9.4,69.8,26.4,58.2,82.2,24.6,
"Anderson, Tim","641313","2017",".240",".381",".288",".274",".261",".140",".383",".364",".354",".333","85.6","8",5.1,70.3,40.3,52,80.3,29.5,
"Bellinger, Cody","641355","2017",".254",".540",".380",".365",".343",".285",".496",".473",".380",".365","90.8","17.5",12.2,68,23.5,54.2,72,32.3,
"Mancini III, Trey","641820","2017",".264",".481",".349",".338",".314",".216",".436",".421",".390",".356","88.6","7.1",10,73.3,31.4,58.5,78,28.4,
"Benintendi, Andrew","643217","2017",".265",".435",".332",".338",".349",".170",".358",".366",".330",".327","87.5","14.7",5.5,65.3,25.2,66.1,86.7,19.2,
"Martinez, Victor","400121","2018",".266",".406",".281",".313",".314",".140",".285",".323",".275",".296","87.8","14.1",4.7,68.4,32,75.8,90.7,14.3,
"Mauer, Joe","408045","2018",".295",".448",".319",".354",".365",".153",".343",".390",".340",".359","91.1","4.4",5,49.7,19.3,64.9,91.4,15.1,
"Choo, Shin-Soo","425783","2018",".250",".464",".355",".362",".365",".214",".409",".420",".365",".345","89.3","6.1",11.1,61,22,57.6,78.2,26.8,
"Molina, Yadier","425877","2018",".266",".432",".323",".329",".321",".166",".341",".348",".301",".309","88.2","15.4",5.5,70.6,35.3,75,86.4,17.2,
"Encarnacion, Edwin","429665","2018",".245",".479",".346",".356",".341",".234",".404",".421",".328",".336","89.9","18",11.2,66.3,24.6,56.4,80.9,26.3,
"Jones, Adam","430945","2018",".269",".411",".315",".311",".303",".142",".353",".349",".332",".319","88.3","13.2",4.9,72.9,39.5,58.3,86.6,23.7,
"Kinsler, Ian","435079","2018",".248",".368",".298",".301",".310",".119",".302",".305",".275",".285","85.3","17.7",3.1,66.3,24.4,74.6,92.2,12.2,
"Desmond, Ian","435622","2018",".228",".384",".315",".303",".301",".156",".373",".354",".317",".307","90.1","0.1",7,69.9,27.2,50.5,78.9,28.8,
"Cruz Jr., Nelson","443558","2018",".281",".566",".361",".396",".365",".284",".417",".469",".333",".367","93.9","12.8",13.8,68.7,28.4,44.5,82.1,30.6,
"Peralta, David","444482","2018",".278",".472",".368",".350",".340",".194",".437",".412",".374",".358","91.5","6.7",7.8,67.1,28.5,60.6,82.7,23.7,
"Escobar, Alcides","444876","2018",".238",".327",".261",".274",".288",".089",".273",".290",".270",".280","84.6","10.6",2.1,72.2,32.5,63.2,84.5,20.1,
"Jay, Jon","445055","2018",".251",".333",".301",".293",".316",".082",".320",".310",".324",".305","85.1","4.2",1.8,65.5,32.9,62.3,88.2,19.8,
"Longoria, Evan","446334","2018",".249",".428",".295",".310",".289",".178",".347",".367",".305",".315","88.5","13.6",7.6,67,29.1,67.3,84.3,20.6,
"Davis, Chris","448801","2018",".188",".354",".239",".272",".263",".166",".327",".389",".280",".318","89.3","15.1",10.3,62.9,28.1,48.7,73.3,34.4,
"Zobrist, Ben","450314","2018",".275",".390",".355",".333",".354",".115",".361",".333",".346",".315","89.9","9",3,60.4,21.9,72.5,89.8,14.2,
"Cabrera, Asdrubal","452678","2018",".251",".432",".332",".320",".306",".181",".387",".373",".333",".320","90","14.6",7.2,70.9,29.2,64.4,82.7,22.6,
"Blackmon, Charlie","453568","2018",".276",".445",".368",".346",".346",".169",".425",".394",".368",".351","87.5","12",6.5,66,29.2,62.3,86.6,20.3,
"Markakis, Nick","455976","2018",".293",".425",".345",".345",".366",".132",".355",".355",".335",".335","90.6","10.1",3.1,60.6,20,76.3,92.6,11.4,
"Nunez, Eduardo","456488","2018",".258",".349",".292",".280",".286",".092",".323",".309",".307",".303","88.3","9.4",3.4,72.9,36.3,71.8,90.5,15.7,
"Cain, Lorenzo","456715","2018",".282",".389",".359",".342",".373",".107",".376",".353",".371",".340","89.1","4.9",3.4,63.9,21,64.3,88.1,17.8,
"McCutchen, Andrew","457705","2018",".260",".444",".347",".360",".373",".185",".380",".400",".336",".345","90","13.4",8.4,62.1,15.9,61.3,81.3,22.5,
"Upton, Justin","457708","2018",".250",".466",".348",".354",".342",".216",".447",".458",".377",".374","90.7","11.9",14,64.9,20.9,49.6,74.8,31.5,
"Votto, Joey","458015","2018",".285",".472",".370",".391",".420",".187",".374",".406",".353",".357","88.1","13.4",6.7,66.9,13.1,75.2,83.5,17.9,
"Gardner, Brett","458731","2018",".226",".334",".305",".293",".315",".108",".318",".301",".292",".281","88","9.4",2.8,52.8,21,72.2,91.5,13.6,
"Gordon, Alex","460086","2018",".253",".423",".305",".329",".331",".171",".346",".382",".323",".333","88.5","10.9",6.8,65.5,28.5,55,85,23.9,
"Kemp, Matt","461314","2018",".273",".522",".348",".359",".326",".248",".427",".446",".379",".363","89.6","15.8",11,72.9,31.4,56.3,77,29.4,
"Santana, Carlos","467793","2018",".245",".418",".333",".347",".368",".174",".320",".339",".269",".291","88.9","15.4",6.9,64,21,69.1,84.5,19.3,
"Gonzalez, Carlos","471865","2018",".245",".386",".338",".300",".301",".141",".412",".358",".363",".323","89.7","9",6.2,72.8,32.2,54.2,79.4,29.4,
"Alonso, Yonder","475174","2018",".254",".441",".319",".331",".322",".188",".369",".388",".324",".331","87.8","15.7",9.8,73.1,30.4,58.1,82.2,25.4,
"Smoak, Justin","475253","2018",".224",".434",".349",".337",".336",".211",".422",".402",".347",".322","89.5","15",10.8,61.5,22.6,55.1,82.9,25.3,
"Lowrie, Jed","476704","2018",".246",".408",".347",".327",".335",".162",".384",".354",".338",".312","89.2","17.4",5.3,70.5,21.4,63.6,84.5,20.3,
"Brantley Jr., Michael","488726","2018",".306",".452",".359",".357",".365",".147",".366",".364",".341",".341","90.2","9.5",3.5,65.2,23.7,71.1,95.2,11,
"Gurriel, Yuli","493329","2018",".258",".360",".323",".290",".296",".102",".343",".304",".324",".292","89.3","11.5",1.9,68.7,34.5,73.2,90.7,15.6,
"Solarte, Yangervis","500208","2018",".251",".387",".284",".301",".300",".137",".301",".323",".266",".295","87.1","14.1",4.5,76.3,37.6,71.1,90,17.5,
"Rojas, Miguel","500743","2018",".264",".351",".281",".293",".309",".087",".296",".311",".290",".306","84.7","9.3",0.9,65.5,32.2,66.3,92.3,15.4,
"Escobar, Eduardo","500871","2018",".247",".430",".346",".323",".316",".183",".406",".374",".344",".317","86.5","18.9",8.3,72.4,35.3,60.4,84.1,23.9,
"Martinez, Jose","500874","2018",".301",".512",".356",".378",".362",".211",".402",".432",".376",".374","91","8.1",9.4,63.6,26.1,63.8,85.6,21.4,
"Davis, Khris","501981","2018",".247",".566",".365",".376",".329",".318",".469",".486",".348",".353","92.5","18.1",17.2,76,23.2,39.1,74.7,33.7,
"Pham, Tommy","502054","2018",".283",".498",".359",".376",".373",".215",".433",".461",".381",".391","93","6.6",10.1,59.8,19.1,41.6,84.3,25.4,
"Martinez, J.D.","502110","2018",".307",".619",".427",".418",".383",".312",".535",".520",".437",".409","93","10.8",16,74.7,29.3,55.4,79.2,28.2,
"Goldschmidt, Paul","502671","2018",".271",".533",".390",".384",".373",".262",".490",".480",".410",".383","90.8","15.7",13.6,61.9,26,61.7,79.3,26.4,
"Gonzalez, Marwin","503556","2018",".243",".413",".318",".321",".322",".170",".373",".379",".332",".329","89.1","11.3",6.8,61.4,29.8,58.7,82.6,24.3,
"Altuve, Jose","514888","2018",".288",".449",".363",".352",".360",".162",".385",".370",".371",".337","87.2","10.1",5.9,68,30.2,70,88.2,17.9,
"Hernandez, Cesar","514917","2018",".242",".352",".320",".316",".350",".110",".352",".346",".338",".327","85.8","11.5",4.2,58.6,18,56.9,85,20.1,
"Segura, Jean","516416","2018",".273",".393",".327",".310",".313",".120",".346",".326",".340",".307","87.7","7.8",3.6,66.4,32,73.3,92,12.6,
"Castro, Starlin","516770","2018",".257",".402",".315",".311",".311",".145",".362",".357",".347",".322","88.5","8.4",6.9,65,27.4,57.2,85.8,22.8,
"Marte, Starling","516782","2018",".266",".456",".337",".335",".319",".190",".385",".384",".342",".331","88.4","8.9",7.5,75.8,34.2,55.7,83.4,23.9,
"Dietrich, Derek","518618","2018",".237",".382",".326",".303",".306",".145",".403",".367",".366",".329","87.4","15.8",6.1,70.6,31.8,58,82.4,25.4,
"Freeman, Freddie","518692","2018",".298",".533",".378",".388",".381",".235",".434",".448",".388",".378","89.1","14.5",9.3,82.7,31.1,62.7,81.1,24.3,
"Grandal, Yasmani","518735","2018",".222",".438",".352",".337",".335",".216",".410",".387",".332",".308","88.9","14.1",11.6,57.6,19.8,53,79.6,28,
"LeMahieu, DJ","518934","2018",".276",".419",".322",".326",".324",".143",".349",".353",".321",".324","91.3","5.9",5.2,59.6,23.2,66.4,92.6,14,
"Moustakas, Mike","519058","2018",".257",".461",".329",".336",".321",".204",".361",".370",".303",".310","89.5","19.9",8.8,72.5,34.2,61.9,86.4,21.9,
"Rizzo, Anthony","519203","2018",".291",".470",".359",".367",".386",".179",".365",".377",".323",".336","90.1","14.7",6.5,68,29.7,68.7,89.3,17,
"Stanton, Giancarlo","519317","2018",".241",".477",".360",".345",".325",".236",".484",".460",".394",".363","93.7","11.7",15.1,66.4,28.7,46.5,76.6,34.4,
"Galvis, Freddy","520471","2018",".218",".341",".294",".273",".276",".123",".349",".321",".323",".290","88.6","13.7",3.9,67.9,35,62,79.4,26.3,
"Perez, Salvador","521692","2018",".256",".477",".304",".334",".296",".221",".356",".396",".295",".325","91.3","18",10.8,73,44.2,61.7,87.7,23.8,
"Inciarte, Ender","542255","2018",".254",".341",".308",".296",".318",".087",".320",".303",".307",".298","84.9","10.9",1.5,70,31,72,88.5,14.4,
"Ozuna, Marcell","542303","2018",".285",".498",".327",".358",".332",".213",".372",".413",".342",".351","91.5","10.8",9.7,72.3,27.8,56.7,83.9,24.3,
"Villar, Jonathan","542340","2018",".223",".351",".312",".288",".293",".128",".389",".352",".367",".317","88.5","3.2",5.1,72.2,27.8,55.7,75.1,29.3,
"Aguilar, Jesus","542583","2018",".253",".489",".374",".356",".338",".235",".469",".440",".376",".355","89.8","16.2",11.4,59.7,33.8,58,80.6,28.7,
"Crawford, Brandon","543063","2018",".251",".376",".306",".305",".326",".125",".354",".353",".326",".327","87.5","11.3",3.6,75.7,29.8,54.3,77.5,29.2,
"Cron, C.J.","543068","2018",".247",".483",".347",".345",".319",".236",".436",".433",".352",".345","88","15.2",12.2,69.6,34.9,57.5,78.8,29.1,
"Hicks, Aaron","543305","2018",".262",".465",".360",".372",".382",".204",".385",".404",".317",".341","89.7","13.2",8.8,65.1,18.2,65,79.5,23.1,
"Hosmer, Eric","543333","2018",".239",".374",".309",".302",".312",".135",".360",".350",".328",".314","88.7","-1.5",5.9,70.7,29.3,52,81.9,27.6,
"Kipnis, Jason","543401","2018",".237",".394",".308",".318",".324",".157",".330",".345",".290",".302","86.9","17.8",6.6,61.3,25.9,62.6,85.8,20.8,
"Rendon, Anthony","543685","2018",".302",".538",".383",".384",".369",".237",".414",".417",".358",".352","90.7","17.9",10.3,69.5,23.8,72.9,90.2,13.9,
"Semien, Marcus","543760","2018",".245",".380",".307",".305",".311",".135",".341",".337",".317",".307","86.8","15.5",4.5,64.4,23.6,61.2,86.3,20.3,
"Shaw, Travis","543768","2018",".242",".460",".351",".350",".348",".218",".381",".379",".303",".308","88.9","16.9",10.3,67.1,25.2,64.8,84.9,20.3,
"Springer III, George","543807","2018",".253",".459",".340",".346",".336",".206",".380",".389",".339",".325","88.6","9.5",8.9,67.1,21.8,58.6,80.8,24.6,
"Strange-Gordon, Dee","543829","2018",".265",".325",".277",".272",".287",".060",".307",".302",".310",".309","83.2","5.8",0.2,69.1,39.5,68.3,89.3,15.2,
"Gregorius, Didi","544369","2018",".257",".398",".350",".318",".327",".140",".364",".323",".304",".294","87","16",4.7,74.7,33.1,66.9,87.2,19.5,
"Trout, Mike","545361","2018",".294",".602",".447",".434",".446",".308",".529",".509",".419",".396","91.2","18.6",16.5,57.7,18.1,56.6,89.3,18.6,
"Herrera, Odubel","546318","2018",".231",".357",".315",".286",".289",".127",".367",".328",".326",".297","86.7","13.2",4.9,69.1,38.3,55.7,81.2,27.3,
"Harper, Bryce","547180","2018",".263",".519",".376",".391",".406",".256",".441",".469",".351",".374","91","14.4",11.5,74.6,25.3,52.9,75,31.3,
"Abreu, Jose","547989","2018",".277",".493",".337",".356",".341",".216",".392",".419",".333",".354","91.3","12.2",9.1,65,34.8,60.9,84.2,24.6,
"Suarez, Eugenio","553993","2018",".275",".515",".376",".373",".362",".240",".460",".455",".381",".374","91.2","14.8",9.7,68.3,21.8,43.8,84.2,25.7,
"Polanco, Gregory","570256","2018",".244",".445",".353",".339",".335",".201",".414",".392",".333",".326","88.9","20.1",9.4,69.9,24.5,58.4,82.6,23.9,
"Sanchez, Yolmer","570560","2018",".235",".344",".297",".289",".301",".109",".336",".326",".312",".305","86.7","9.3",3,64.7,31.4,64.6,84,21.5,
"Arenado, Nolan","571448","2018",".267",".477",".391",".353",".350",".210",".449",".397",".369",".336","89.8","15.3",7.2,72.5,30.2,63.3,81.2,24.6,
"Barnhart, Tucker","571466","2018",".239",".351",".307",".301",".321",".112",".331",".322",".311",".301","87.1","12.4",3.5,69.3,24.6,61.8,86.1,20.2,
"Gennett, Scooter","571697","2018",".257",".403",".362",".311",".311",".146",".428",".360",".390",".326","87.3","14",5.8,73.9,36.3,67.9,84.8,20.1,
"Hamilton, Billy","571740","2018",".222",".266",".277",".256",".290",".044",".323",".293",".316",".304","80.5","15.3",0.5,68.4,26.8,62,78.9,23.3,
"Haniger, Mitch","571745","2018",".277",".498",".367",".370",".362",".221",".431",".436",".374",".367","90.2","12.7",10.3,61.3,22.5,59.3,82.9,23.3,
"Piscotty, Stephen","572039","2018",".268",".492",".351",".356",".332",".224",".399",".407",".334",".337","88.5","13.2",9.6,72.6,34.3,54.2,84.3,25.5,
"Seager, Kyle","572122","2018",".246",".411",".288",".305",".297",".164",".340",".365",".287",".321","89.8","18.5",5.6,68.2,27.4,58.9,85.3,22.3,
"Carpenter, Matt","572761","2018",".265",".540",".375",".389",".383",".275",".450",".473",".354",".368","90.7","21.6",13.7,57.9,18.6,48.2,83.9,24.1,
"Dickerson, Corey","572816","2018",".283",".450",".341",".330",".317",".167",".387",".374",".353",".336","87.9","15.1",6.1,79,41.8,71.2,81.9,22,
"Dozier, Brian","572821","2018",".204",".343",".304",".288",".299",".138",".329",".306",".277",".267","86.8","17.5",6.3,57.4,23.5,64.3,82.7,22.6,
"Contreras, Willson","575929","2018",".218",".361",".321",".303",".314",".144",".363",".336",".332",".293","88.2","8",7.3,69.2,31.3,57.4,78.3,28,
"Castellanos, Nick","592206","2018",".296",".525",".363",".374",".353",".229",".444",".460",".392",".390","89.6","15.2",11.2,77.1,35.5,47.7,81.3,30.2,
"Healy, Ryon","592387","2018",".258",".442",".296",".322",".300",".184",".354",".389",".304",".335","89.6","12.3",7.1,62.8,33.7,52.1,88.1,25.4,
"Machado, Manny","592518","2018",".284",".512",".377",".369",".357",".229",".418",".408",".353",".340","91.6","14.4",11.3,72.7,28.5,60.2,85.6,22.2,
"Realmuto, J.T.","592663","2018",".271",".472",".353",".351",".337",".201",".407",".404",".350",".346","88.9","14.5",9,66.8,25.9,57,85.1,22.5,
"Rosario, Eddie","592696","2018",".242",".424",".340",".302",".281",".183",".398",".350",".352",".298","87.7","17.8",8.3,77.8,41.9,69.2,80.8,23.3,
"Simmons, Andrelton","592743","2018",".275",".388",".326",".316",".325",".113",".327",".315",".315",".300","88.2","7.8",4.1,67.1,23.7,75.6,89.1,13.6,
"Yelich, Christian","592885","2018",".312",".564",".422",".412",".393",".252",".506",".491",".424",".409","92.6","5",12.9,65.2,25,55.5,85.4,22.8,
"Merrifield, Whit","593160","2018",".281",".428",".349",".343",".350",".147",".383",".375",".366",".343","87","16.9",4.6,67.7,29,68.9,85.8,18.9,
"Bogaerts, Xander","593428","2018",".277",".493",".373",".363",".352",".215",".420",".406",".355",".344","90.6","12.6",9.8,60.6,26.7,59.3,87.9,21.1,
"Calhoun, Kole","594777","2018",".248",".447",".283",".332",".320",".199",".329",".402",".280",".337","90.4","12.1",9.3,73.4,27.1,51.3,79.6,28.5,
"Profar, Jurickson","595777","2018",".251",".394",".341",".323",".333",".143",".357",".333",".302",".300","87.3","12.4",5,68.3,30.2,71.5,85.6,18.6,
"Baez, Javier","595879","2018",".267",".504",".366",".344",".306",".237",".485",".455",".397",".370","90.6","9.6",12.6,77.3,43.5,49.7,78.1,33.8,
"Lindor, Francisco","596019","2018",".289",".512",".368",".375",".364",".223",".398",".407",".329",".344","90.6","14.7",9.3,67.8,29.8,72,87.7,17.5,
"Odor, Rougned","596059","2018",".241",".411",".325",".318",".318",".171",".387",".380",".341",".328","90.7","13.9",7.1,65.4,33,61,83.2,22.8,
"Story, Trevor","596115","2018",".266",".513",".384",".358",".326",".247",".496",".458",".401",".369","91","15.9",12.7,73.1,28.5,52.8,84.1,24.9,
"Kepler, Max","596146","2018",".233",".404",".316",".324",".330",".171",".322",".333",".271",".285","89.5","16.3",6.6,65,21,57.3,90.1,17.8,
"Bradley Jr., Jackie","598265","2018",".257",".459",".310",".343",".335",".202",".374",".426",".326",".358","92.2","12.3",10.3,70.1,23.3,53.5,73.5,30.6,
"Candelario, Jeimer","600869","2018",".206",".350",".311",".292",".302",".144",".366",".337",".315",".291","87.1","15.3",6,61.3,25.6,58.4,81.7,25.6,
"Ahmed, Nick","605113","2018",".240",".373",".300",".292",".295",".133",".341",".331",".294",".302","86.9","11.9",5.1,71.5,30,53.4,83.4,25.2,
"Anderson, Brian","605119","2018",".261",".407",".333",".334",".347",".147",".366",".367",".348",".333","90.2","8.7",5.8,68.2,23.4,56.8,81.6,24.3,
"Bell, Josh","605137","2018",".257",".417",".336",".340",".354",".160",".356",".363",".326",".321","90.2","9.4",7,68.5,23.1,61.4,81.6,24.4,
"Betts, Mookie","605141","2018",".309",".606",".449",".431",".410",".297",".498",".472",".415",".375","92.2","18.5",14.1,56.6,16.2,66.8,89.8,15.5,
"Smith, Mallex","605480","2018",".255",".339",".339",".302",".331",".084",".375",".323",".370",".320","85.8","3.7",1.5,72.8,26,57.1,79.1,25.1,
"Hernandez, Teoscar","606192","2018",".235",".500",".328",".342",".300",".265",".447",".470",".361",".358","91.9","16.9",15.5,72.1,28.3,40.2,70.4,38.5,
"Peraza, Jose","606299","2018",".273",".383",".319",".304",".314",".110",".339",".322",".324",".309","85.8","15",2.5,67.1,33.2,70,91.9,13.8,
"Marte, Ketel","606466","2018",".257",".394",".330",".320",".330",".137",".345",".332",".305",".303","88.8","5.8",5,69.1,24,70,87.9,16,
"Nimmo, Brandon","607043","2018",".241",".398",".385",".353",".386",".156",".463",".405",".389",".357","89.9","10.7",6.5,62.3,16.2,48.1,79.5,26.5,
"Turner, Trea","607208","2018",".273",".415",".331",".335",".347",".142",".365",".371",".338",".342","89.1","9.3",5.8,64.8,23.2,60.9,84.9,20.2,
"Pillar, Kevin","607680","2018",".280",".432",".302",".321",".310",".152",".350",".375",".307",".343","87.3","16.8",5.7,67,41.8,63.2,86.9,22.3,
"Ramirez, Jose","608070","2018",".261",".471",".391",".365",".382",".210",".395",".359",".310",".301","89","19",8.3,60.7,19.9,75.9,89.8,13.6,
"Bregman, Alex","608324","2018",".267",".464",".396",".369",".380",".196",".400",".363",".332",".312","89.4","16.8",7.6,57.8,18.2,73.4,91.7,12.9,
"Gallo, Joey","608336","2018",".231",".543",".343",".371",".334",".312",".499",".553",".352",".394","94.3","21.9",22.5,72.9,29.5,40.6,68,40.7,
"Mazara, Nomar","608577","2018",".258",".442",".324",".332",".320",".184",".382",".395",".335",".339","90.5","5.3",8.5,62.8,32.2,61.1,82.9,25.4,
"Andujar, Miguel","609280","2018",".275",".434",".361",".322",".309",".159",".415",".366",".354",".329","89.2","12.3",6.3,72.2,36,64.9,88.9,19.7,
"Swanson, Dansby","621020","2018",".231",".363",".293",".281",".298",".132",".358",".341",".318",".309","88","14.1",4.1,69.9,31.1,56.2,82.7,25.4,
"Taylor, Chris","621035","2018",".239",".406",".335",".321",".321",".167",".435",".416",".376",".361","88.9","16.4",8.3,69.8,23.7,47.8,74.5,31.4,
"Wendle, Joey","621563","2018",".260",".367",".338",".304",".323",".107",".381",".335",".364",".322","88.8","10.7",2.7,61.2,34.1,64.4,88.3,20.5,
"Olson, Matt","621566","2018",".250",".494",".340",".357",".338",".244",".409",".436",".341",".347","93.3","18.1",12.2,69.1,21,60,75.7,27.5,
"Duffy, Matt","622110","2018",".269",".351",".323",".310",".339",".082",".348",".330",".359",".329","86.8","4.8",1.2,67.8,25,60.8,89.9,17.3,
"Margot, Manuel","622534","2018",".251",".367",".288",".293",".301",".116",".321",".328",".295",".307","89.4","11.5",3.3,65.5,24.9,60,83.9,21,
"Camargo, Johan","622666","2018",".237",".373",".346",".307",".321",".136",".399",".343",".351",".310","88","12.6",5,70,32.3,62.4,79.3,26.6,
"Conforto, Michael","624424","2018",".241",".426",".342",".339",".350",".185",".408",".403",".340",".341","88","12.5",9.5,64.4,24.2,54,79.8,27.7,
"Anderson, Tim","641313","2018",".221",".357",".294",".272",".264",".135",".368",".336",".323",".299","85.8","10.8",4.7,73,36.2,53.1,82.1,27.7,
"Bellinger, Cody","641355","2018",".237",".432",".345",".327",".326",".194",".419",".392",".355",".327","89.8","16.2",8.6,66.1,24.4,62.1,73.9,29.7,
"Mancini III, Trey","641820","2018",".251",".434",".308",".328",".311",".184",".374",".403",".325",".342","89.9","5.4",11.8,68.1,31.5,58.3,78.9,27.7,
"Rosario, Amed","642708","2018",".255",".367",".290",".290",".295",".112",".343",".344",".324",".325","87.8","7.9",3.9,69.8,37.9,58.7,80.7,25.8,
"Benintendi, Andrew","643217","2018",".282",".449",".357",".353",".360",".167",".386",".381",".350",".342","88.6","12.8",6.4,70,24.3,71.3,83.9,19.2,
"Albies, Ozzie","645277","2018",".246",".398",".324",".301",".291",".152",".366",".337",".317",".300","86.8","16.1",4.7,82.9,32.6,62.7,82.8,22,
"Chapman, Matt","656305","2018",".257",".432",".369",".338",".338",".175",".449",".402",".377",".350","93.1","14.9",8.9,61.8,21.1,59.6,82.2,23.6,
"Hoskins, Rhys","656555","2018",".231",".454",".363",".349",".344",".223",".420",".398",".332",".317","89","22.6",11.4,60,19.7,60.2,84.1,21.9,
"Schwarber, Kyle","656941","2018",".245",".472",".343",".350",".362",".227",".438",".450",".352",".363","90.9","12.3",12.7,64.8,21.9,50.8,76.7,30,
"Moncada, Yoan","660162","2018",".211",".382",".311",".298",".294",".170",".427",".404",".375",".338","91","15.4",9.6,62.7,20.4,43.8,76.7,31,
"Pujols, Albert","405395","2019",".251",".428",".308",".319",".314",".178",".317",".331",".278",".290","88.3","12.5",5.8,59.6,30.8,69.9,88.9,18.2,
"Cabrera, Miguel","408234","2019",".270",".436",".318",".331",".337",".166",".362",".379",".356",".344","90.3","12.3",6.4,67.9,33.9,59.1,85.3,24.4,
"Choo, Shin-Soo","425783","2019",".263",".474",".353",".362",".370",".211",".419",".434",".373",".372","91.9","9.2",8.8,64.8,20.4,43.6,78.2,29.2,
"Jones, Adam","430945","2019",".257",".432",".308",".319",".312",".175",".351",".366",".326",".325","86.2","13.5",6.7,72.3,39.3,54.2,84.1,26.7,
"Cruz Jr., Nelson","443558","2019",".290",".637",".417",".415",".377",".347",".538",".535",".433",".409","93.7","13.1",19.9,69.9,27.3,45.6,78,32.6,
"Longoria, Evan","446334","2019",".269",".491",".322",".351",".340",".222",".374",".416",".332",".354","89.7","14",7.5,64.6,30.1,65,78.8,25.7,
"Fowler, Dexter","451594","2019",".250",".421",".326",".340",".357",".172",".373",".397",".332",".351","85.5","12.9",7.4,66.8,23.4,56.9,78.5,27,
"Cabrera, Asdrubal","452678","2019",".238",".408",".331",".317",".326",".170",".369",".349",".330",".307","89.1","14.4",5.7,66.4,25.1,68,83.2,20.6,
"Blackmon, Charlie","453568","2019",".295",".525",".387",".367",".348",".230",".440",".413",".378",".357","88.7","14.6",8.3,70.4,30.5,66.9,86,19.5,
"Cain, Lorenzo","456715","2019",".287",".414",".302",".335",".352",".127",".324",".370",".317",".354","89.5","6.9",4.1,65.3,25.2,58.3,90.1,19.2,
"Turner, Justin","457759","2019",".286",".516",".370",".377",".372",".230",".399",".410",".351",".351","90.3","17.8",7.8,66.6,24.5,72.2,86.8,17.1,
"Votto, Joey","458015","2019",".259",".446",".332",".347",".359",".186",".363",".387",".338",".341","88.9","15.2",6.9,65.5,18.5,63,86.2,19.6,
"Gardner, Brett","458731","2019",".232",".361",".344",".296",".311",".129",".390",".322",".319",".298","87.7","13.9",3.9,55.5,22.5,59.1,88.3,19.5,
"Braun, Ryan","460075","2019",".266",".470",".354",".339",".328",".204",".419",".399",".367",".345","91.5","7.3",9.5,72,34.7,56.1,86.8,24.8,
"Gordon, Alex","460086","2019",".255",".422",".319",".330",".338",".167",".333",".348",".320",".311","88.7","9.3",5.4,71,26.8,58.8,85.2,21.8,
"Andrus, Elvis","462101","2019",".271",".401",".300",".311",".315",".129",".327",".342",".321",".324","88.4","7.2",3.5,61.2,32.6,62.9,90.2,19.6,
"Ramos, Wilson","467092","2019",".262",".398",".327",".314",".328",".136",".344",".328",".334",".305","90","-0.1",4.7,74.9,34.1,65.6,86.2,20.5,
"Santana, Carlos","467793","2019",".266",".480",".380",".367",".384",".214",".401",".383",".345",".327","91.8","11.7",9.6,63.7,17.9,64,84.5,20.3,
"Belt, Brandon","474832","2019",".242",".457",".319",".346",".349",".214",".343",".385",".305",".320","87.3","22.4",8.7,75.3,22.7,57.3,83.9,22.8,
"Brantley Jr., Michael","488726","2019",".293",".473",".367",".357",".360",".180",".379",".368",".349",".333","88.8","10.6",5.5,61,26,76.1,94.3,10.7,
"Gurriel, Yuli","493329","2019",".280",".415",".364",".321",".329",".135",".385",".333",".333",".315","89.3","14.3",3.6,66.7,34.4,75.3,90.5,14.8,
"Rojas, Miguel","500743","2019",".271",".370",".305",".303",".322",".099",".317",".315",".322",".310","87.4","9.1",2.6,64.4,29.8,69.3,89.6,16.5,
"Escobar, Eduardo","500871","2019",".254",".464",".341",".326",".310",".209",".393",".372",".331",".318","87.8","18.4",7,71.4,37.8,64.7,82,24.8,
"Davis, Khris","501981","2019",".232",".435",".289",".317",".306",".203",".358",".404",".315",".337","90.2","13.1",9.8,79.8,27.3,42.8,73.3,34.9,
"Pham, Tommy","502054","2019",".270",".455",".349",".354",".366",".185",".382",".390",".348",".345","90.9","5.2",7.9,61.6,16.4,53.2,87.3,20.2,
"Martinez, J.D.","502110","2019",".301",".567",".386",".396",".384",".266",".460",".476",".396",".398","91.3","12.5",11.8,72.6,29.8,51.8,83.5,26.7,
"Reddick, Josh","502210","2019",".275",".398",".308",".316",".324",".123",".323",".334",".311",".317","86.1","15.8",3.4,74.2,30,71.1,90.4,14.6,
"Goldschmidt, Paul","502671","2019",".257",".509",".346",".359",".345",".252",".416",".438",".357",".356","90.1","15.4",11.3,66.6,28.4,65,77.7,26.3,
"Altuve, Jose","514888","2019",".268",".484",".374",".344",".328",".216",".414",".376",".354",".321","87.4","9.7",8.1,67.8,30.7,67.2,83.3,20.4,
"Hernandez, Cesar","514917","2019",".264",".375",".315",".302",".320",".111",".342",".325",".331",".314","86","9.5",2.7,64.5,27.7,66.9,88.5,17.1,
"Segura, Jean","516416","2019",".270",".401",".315",".310",".314",".131",".333",".327",".318",".308","88.2","7.2",3.2,60.9,35.7,74.3,91.4,14.5,
"Castro, Starlin","516770","2019",".268",".435",".307",".314",".301",".167",".349",".359",".322",".323","88.5","11",6.2,67.5,31.3,66.2,87.8,19.1,
"Marte, Starling","516782","2019",".297",".507",".353",".362",".346",".210",".396",".409",".354",".360","88.6","8.2",8,76.9,33.5,58.8,81.9,24.9,
"Donaldson, Josh","518626","2019",".262",".530",".377",".385",".383",".268",".441",".453",".359",".364","92.9","13.3",15.7,69.1,23.1,60.1,73.9,29.9,
"Freeman, Freddie","518692","2019",".294",".569",".387",".397",".389",".275",".438",".452",".373",".373","89.7","14.4",12.3,80.6,29.3,65.4,80,24.2,
"Grandal, Yasmani","518735","2019",".241",".475",".361",".366",".379",".234",".395",".405",".332",".331","90.7","14.2",11.3,58.7,21.6,55,82.7,25.5,
"Heyward, Jason","518792","2019",".255",".396",".328",".323",".347",".141",".355",".349",".318",".324","88.8","11.3",5.7,66.3,27.7,65,83.5,22.7,
"LeMahieu, DJ","518934","2019",".314",".522",".375",".376",".364",".208",".411",".413",".382",".369","91.9","6.5",7.5,64.4,27,71.6,89.4,16,
"Moustakas, Mike","519058","2019",".260",".503",".348",".350",".334",".243",".384",".388",".311",".319","89.5","17.4",10.3,72,31.6,61.3,82.1,24.9,
"Rizzo, Anthony","519203","2019",".297",".487",".390",".388",".411",".190",".399",".397",".350",".358","89","12.6",6.8,63.6,32.1,70.8,86.1,19.7,
"Galvis, Freddy","520471","2019",".235",".384",".307",".280",".273",".149",".389",".351",".350",".318","88.8","14.7",5.5,72.5,38.1,58.4,77.8,28.4,
"Garcia, Avisail","541645","2019",".271",".492",".334",".343",".323",".221",".413",".426",".376",".363","89.5","9.8",11.7,81.3,36,47.3,79.2,32,
"Ozuna, Marcell","542303","2019",".284",".532",".336",".378",".367",".248",".380",".444",".315",".372","91.8","13.5",12.1,68.1,27.6,52.1,83.3,27.6,
"Villar, Jonathan","542340","2019",".246",".412",".335",".315",".315",".165",".412",".381",".374",".338","88.9","8.2",6.8,74.2,28.2,56.5,77.8,27.3,
"Santana, Danny","542454","2019",".277",".504",".352",".345",".320",".226",".483",".473",".409",".403","91.4","13.5",9.5,74.3,38.4,52.5,75.7,32,
"Crawford, Brandon","543063","2019",".238",".395",".281",".306",".314",".157",".312",".347",".295",".310","87.8","8.3",5.4,77.2,28.3,55,78.5,28.3,
"Hosmer, Eric","543333","2019",".249",".411",".309",".304",".297",".162",".385",".377",".356",".336","90.8","2.1",7.2,71.8,32.9,51.8,82.2,28.9,
"Kipnis, Jason","543401","2019",".256",".419",".301",".316",".318",".163",".330",".351",".298",".317","88.1","14.1",5.5,65.8,26.7,57.2,87.9,20.3,
"Rendon, Anthony","543685","2019",".310",".590",".413",".414",".407",".280",".438",".440",".372",".366","90.4","19.5",12,68.3,20.6,72.9,91.9,12.9,
"Semien, Marcus","543760","2019",".272",".495",".373",".363",".359",".224",".391",".378",".336",".322","88.9","14.9",8.5,66.5,19.2,61.1,87.6,18.3,
"Springer III, George","543807","2019",".283",".578",".400",".400",".379",".295",".466",".468",".378",".373","89.8","10.5",14.1,69.1,20.8,52.9,79.9,26.5,
"Vazquez, Christian","543877","2019",".250",".441",".331",".313",".300",".191",".390",".367",".346",".319","89.4","13.3",5.9,68.2,32.5,67.7,85.1,20.5,
"Wong, Kolten","543939","2019",".242",".349",".334",".297",".326",".108",".353",".304",".340",".292","86.1","12.6",2.2,67.7,29.9,65.1,87.5,18.2,
"Garcia, Leury","544725","2019",".242",".351",".294",".272",".275",".109",".363",".332",".365",".318","88.2","6.2",3.8,72.7,36.1,58.7,82.5,24.4,
"Grichuk, Randal","545341","2019",".236",".428",".307",".304",".285",".192",".388",".384",".320",".328","89.3","16",8.5,69.4,33.4,51,83.3,28.1,
"Trout, Mike","545361","2019",".310",".678",".436",".460",".456",".368",".503",".543",".387",".416","90.9","22.2",18.9,57.8,17.9,63.9,86.7,19.2,
"Harper, Bryce","547180","2019",".273",".547",".365",".387",".384",".274",".452",".488",".373",".394","91.9","13.7",14.8,74.2,30.4,47.8,75.4,33.7,
"Abreu, Jose","547989","2019",".279",".517",".344",".358",".332",".238",".418",".438",".366",".368","92.1","10.9",12.8,66.6,34.7,56.9,85.3,25.3,
"Suarez, Eugenio","553993","2019",".247",".500",".381",".355",".341",".254",".503",".462",".398",".370","89.3","17.7",13.8,67.1,24.1,47.2,80.5,28.7,
"Santana, Domingo","570267","2019",".250",".478",".326",".342",".329",".228",".447",".478",".394",".397","89","11.3",12.1,69.3,24.9,46.5,75.8,31.9,
"Sanchez, Yolmer","570560","2019",".230",".315",".281",".274",".299",".084",".315",".305",".327",".301","87.1","14.2",1,67.2,31.5,63.3,82.3,22.6,
"Arenado, Nolan","571448","2019",".270",".480",".392",".343",".341",".210",".431",".368",".368",".318","89.4","17.7",8,73.1,34.8,64.8,88,20.9,
"Muncy, Max","571970","2019",".261",".510",".372",".380",".384",".249",".444",".458",".357",".375","89.8","14.5",12,62.9,19.7,53.6,76.7,28.9,
"Voit III, Luke","572228","2019",".246",".495",".360",".365",".364",".249",".447",".457",".392",".368","89.7","12.7",13.2,77,22.5,37.1,74.4,35.1,
"Walker, Christian","572233","2019",".262",".516",".346",".364",".351",".254",".426",".456",".365",".370","91.1","14.8",13.1,74.9,24,51.3,78,28.8,
"Iglesias, Jose","578428","2019",".264",".360",".306",".284",".298",".096",".337",".312",".333",".309","84.1","7.1",2.3,67.1,45.9,77.2,90,15.3,
"Bryant, Kris","592178","2019",".247",".463",".379",".349",".353",".215",".448",".401",".383",".337","87.6","19.2",9.3,73.7,27.4,54.6,79.1,28.4,
"Castellanos, Nick","592206","2019",".279",".541",".357",".364",".329",".262",".433",".443",".375",".364","89","14",10.9,74.7,38.6,52.7,86,26.9,
"Machado, Manny","592518","2019",".261",".463",".335",".343",".340",".202",".375",".387",".325",".333","91.2","13",8,69,28.6,57.3,85.1,24.2,
"Moran, Colin","592567","2019",".260",".437",".315",".314",".308",".177",".389",".388",".365",".346","88.2","12.5",7.4,75.5,35.8,60.2,83.9,24.7,
"Pederson, Joc","592626","2019",".249",".479",".362",".347",".339",".230",".421",".399",".328",".330","91.2","15.6",10.3,68.4,26.6,60,82.1,24.1,
"Realmuto, J.T.","592663","2019",".273",".469",".340",".341",".332",".196",".402",".404",".350",".356","90.3","14.4",8.7,70.6,32.6,61.9,83.4,23.8,
"Rosario, Eddie","592696","2019",".260",".494",".329",".327",".289",".234",".372",".371",".322",".308","89.2","16.8",8.5,80.9,43.3,70.4,84.1,21.2,
"Yelich, Christian","592885","2019",".310",".624",".442",".426",".415",".314",".532",".509",".430",".409","93.3","11.3",15.8,69.8,27.9,50.3,83.9,28.2,
"Merrifield, Whit","593160","2019",".280",".431",".340",".324",".328",".151",".388",".367",".369",".343","87","15.6",4.3,68.2,30.9,66.1,85.6,20,
"Bogaerts, Xander","593428","2019",".272",".474",".390",".355",".354",".202",".439",".391",".382",".339","90.7","13.4",8.4,56.1,27.4,66.1,86.2,20.9,
"Alberto, Hanser","593643","2019",".279",".392",".318",".300",".305",".113",".337",".316",".335",".308","84.4","11.9",2.9,74.5,45.3,75.3,90.5,14.4,
"Polanco, Jorge","593871","2019",".271",".464",".352",".341",".338",".193",".390",".376",".356",".332","88","19.1",6.7,65.9,26.7,68.1,88.7,17.3,
"Calhoun, Kole","594777","2019",".241",".471",".330",".339",".335",".229",".401",".417",".327",".342","89.5","14.9",11.2,73.6,25.9,43,77.5,32.1,
"Eaton, Adam","594809","2019",".256",".406",".342",".328",".346",".149",".360",".342",".341",".315","88.9","15.3",3.8,63.8,27.4,65.6,86.2,17.2,
"Profar, Jurickson","595777","2019",".250",".431",".301",".328",".332",".180",".305",".341",".258",".299","86.7","14",6.5,65.6,26.1,62.7,87.3,20.2,
"Baez, Javier","595879","2019",".264",".506",".347",".336",".301",".241",".468",".453",".395",".374","91.1","7.7",12.7,73.5,42.6,50.4,75,35.5,
"Lindor, Francisco","596019","2019",".273",".464",".349",".333",".328",".190",".390",".370",".336",".326","91","12.3",7.5,72.3,32.1,68.8,89.5,17,
"Odor, Rougned","596059","2019",".221",".464",".302",".321",".299",".243",".395",".429",".310",".338","91.1","17.9",13.6,67.6,30,51.1,79,29.1,
"Story, Trevor","596115","2019",".260",".464",".380",".341",".334",".204",".490",".428",".415",".369","91","17.5",8.6,70.4,28.5,54.1,82.3,26.4,
"Vogelbach, Daniel","596129","2019",".224",".440",".333",".345",".356",".215",".386",".407",".305",".332","88.8","17.1",10.5,50.9,19.6,60.5,78.8,26.9,
"Kepler, Max","596146","2019",".259",".458",".355",".343",".343",".199",".383",".367",".308",".318","89.7","18.2",8.9,74,27.6,57.3,89.2,20.1,
"Bradley Jr., Jackie","598265","2019",".225",".413",".314",".316",".319",".188",".383",".389",".326",".329","90.1","9.3",9.6,69.2,28.3,50.8,73.7,32.6,
"Nunez, Renato","600524","2019",".252",".471",".323",".335",".319",".218",".389",".406",".328",".341","89.9","19.9",10.7,68.2,34.4,56.1,82.9,27.4,
"Ahmed, Nick","605113","2019",".256",".422",".315",".321",".322",".166",".348",".357",".310",".318","87.8","7.6",6.6,72.4,27.9,60.4,85.6,21.3,
"Anderson, Brian","605119","2019",".253",".454",".342",".340",".337",".200",".396",".392",".345",".337","89.9","11.1",8.9,65.2,31.9,52.5,83.7,27.4,
"Bell, Josh","605137","2019",".285",".561",".378",".386",".376",".277",".436",".448",".351",".364","92.4","13.1",12.7,77.2,27.5,63,80.2,25.3,
"Betts, Mookie","605141","2019",".311",".577",".380",".411",".408",".267",".399",".442",".349",".372","91","19.3",10.3,59.8,18.8,65.7,92,14.5,
"Smith, Mallex","605480","2019",".202",".285",".278",".256",".279",".083",".324",".292",".314",".281","85.2","7.3",2.2,70.1,27,54,75.5,27.8,
"Arcia, Orlando","606115","2019",".222",".351",".269",".277",".287",".129",".302",".313",".281",".287","87.9","6.6",4.3,65.4,30.5,61.8,81.4,24.6,
"Marte, Ketel","606466","2019",".300",".525",".405",".375",".364",".224",".444",".406",".386",".353","90","11.5",9.3,70.8,28.6,68.5,88.3,17.6,
"Turner, Trea","607208","2019",".279",".455",".356",".339",".337",".176",".418",".394",".378",".356","90.4","9.9",6.8,67.4,29.2,54.6,87.2,23.4,
"Pillar, Kevin","607680","2019",".262",".411",".298",".300",".293",".149",".330",".333",".299",".306","86.4","14.1",4.9,73.6,46.9,71,90.3,17.7,
"Ramirez, Jose","608070","2019",".267",".461",".334",".342",".341",".193",".350",".360",".297",".316","89.2","19.8",6.3,64.4,23,71.4,90.9,14.5,
"Bregman, Alex","608324","2019",".263",".453",".418",".373",".402",".190",".419",".353",".342",".310","89.3","19.6",4.8,57.4,15.8,71.8,90,14.3,
"Seager, Corey","608369","2019",".257",".459",".340",".331",".322",".202",".385",".373",".337",".320","88.8","14.3",7.3,77.7,26.9,51.7,82.8,25.7,
"Reyes, Franmil","614177","2019",".259",".535",".338",".359",".323",".276",".444",".477",".357",".377","93.3","9.5",14.8,76.7,30.2,42.8,73.1,36.5,
"Swanson, Dansby","621020","2019",".271",".477",".317",".350",".346",".207",".369",".419",".332",".363","89.9","14.5",10.1,68.7,24.7,54.6,79.3,27.6,
"Newman, Kevin","621028","2019",".273",".374",".339",".303",".322",".101",".361",".317",".352",".313","85.3","8.5",2.1,70,33.8,73.9,91.9,13.8,
"Olson, Matt","621566","2019",".278",".578",".368",".388",".362",".300",".462",".495",".373",".392","92.7","19.4",14.5,67,24.9,66.7,73,28.1,
"Alonso, Pete","624413","2019",".257",".551",".384",".380",".358",".294",".487",".482",".372",".372","90.7","14.8",15.8,67.4,31.9,58.3,80.9,28,
"Conforto, Michael","624424","2019",".262",".507",".358",".371",".370",".245",".416",".437",".348",".360","89.2","15.9",11.9,70.8,25.1,59.4,78.7,27,
"Frazier, Adam","624428","2019",".275",".403",".320",".318",".334",".128",".335",".333",".321",".318","87.1","13.1",1.9,69.6,27.1,72.3,88.8,15.6,
"Puig, Yasiel","624577","2019",".256",".451",".330",".328",".319",".195",".390",".388",".347",".336","90","13.8",9.2,77.1,30.1,53.6,79.4,28.2,
"Soler, Jorge","624585","2019",".276",".596",".378",".396",".364",".320",".480",".509",".376",".394","92.6","15.5",16.9,68,24.2,39.8,79.2,32.5,
"Meadows, Austin","640457","2019",".282",".545",".380",".375",".356",".264",".461",".454",".386",".374","90.4","16.7",12.5,61,24.7,57.7,84.7,23.5,
"Anderson, Tim","641313","2019",".283",".450",".363",".321",".307",".168",".449",".393",".427",".361","88.3","8.7",5.1,75.4,43.6,56.9,87.5,24.5,
"Bellinger, Cody","641355","2019",".319",".635",".414",".430",".421",".316",".466",".488",".374",".396","91.1","17.9",12.7,68.8,23.8,67,79.7,23.5,
"Dozier, Hunter","641531","2019",".260",".468",".360",".338",".331",".208",".451",".418",".384",".358","91.1","16.7",10,64.7,26.8,43.3,86.8,27,
"Mancini III, Trey","641820","2019",".277",".503",".373",".362",".353",".226",".440",".424",".377",".362","90.3","7.8",10.3,67.3,32,61.3,79.7,26.9,
"McMahon, Ryan","641857","2019",".243",".429",".330",".325",".324",".186",".431",".423",".374",".366","91.9","8.8",9,74.7,26.5,52.4,73.3,32.4,
"Rosario, Amed","642708","2019",".283",".416",".318",".317",".320",".133",".374",".372",".358",".354","89.4","8.8",4.2,69.8,36,58.5,85.1,24.1,
"Adames, Willy","642715","2019",".250",".437",".313",".320",".313",".187",".391",".403",".356",".351","88.5","10.8",8.4,69.2,24.7,47.9,81.4,27.1,
"Benintendi, Andrew","643217","2019",".262",".456",".330",".339",".340",".193",".385",".400",".355",".351","89.1","17.3",8.1,77.2,29.7,65.1,78.6,25.2,
"McNeil, Jeff","643446","2019",".283",".465",".384",".350",".354",".181",".411",".367",".372",".332","89","13.8",4.8,84.1,38.1,67.7,85.8,19.9,
"Albies, Ozzie","645277","2019",".282",".482",".354",".346",".341",".199",".395",".385",".355",".341","88.9","15.6",6.6,80.7,34.5,63.2,83.8,22.9,
"Robles, Victor","645302","2019",".231",".368",".317",".294",".305",".137",".371",".337",".338",".307","83.3","16.7",4.8,71.1,30.1,54.2,84.4,23,
"Devers, Rafael","646240","2019",".298",".528",".377",".368",".351",".230",".435",".424",".379",".366","92.5","10.4",9,75.8,37.3,68.3,79.7,24,
"Jimenez, Eloy","650391","2019",".261",".515",".343",".347",".311",".254",".445",".450",".372",".366","91.2","9.3",12.8,71.3,33.7,51,77.4,32.8,
"Torres, Gleyber","650402","2019",".257",".492",".358",".340",".320",".234",".430",".404",".359",".335","89.1","17.7",10.1,75.7,31.3,54.9,80.1,28,
"Chapman, Matt","656305","2019",".251",".502",".354",".359",".345",".252",".408",".416",".330",".335","92.7","16.6",12.1,62.4,22.7,63.6,80.9,23.7,
"Hoskins, Rhys","656555","2019",".215",".417",".347",".337",".358",".201",".392",".375",".320",".309","89.7","24",9.7,58.2,22.1,61.9,83.1,23.2,
"Schwarber, Kyle","656941","2019",".264",".555",".357",".376",".354",".291",".442",".473",".348",".372","93.5","15.5",14.5,65.7,23.9,56.3,77.7,27.9,
"DeJong, Paul","657557","2019",".237",".446",".322",".331",".325",".209",".368",".383",".309",".319","87","18.3",8.6,69.4,28.1,54.3,84,24.2,
"Moncada, Yoan","660162","2019",".282",".518",".379",".358",".337",".236",".505",".472",".447",".401","93.1","12.3",12.2,67,29.2,46.6,79.1,31,
"Acuna Jr., Ronald","660670","2019",".279",".574",".369",".390",".365",".294",".467",".502",".399",".399","90.6","14.2",15,68.7,24,59.6,76.8,27.7,
"Fletcher, David","664058","2019",".292",".371",".318",".319",".352",".079",".319",".320",".325",".327","83.8","9.9",0.2,49,22.5,80.1,94.2,9.7,
"Guerrero Jr., Vladimir","665489","2019",".256",".435",".329",".329",".326",".179",".363",".363",".336",".319","89.4","6.7",7.7,69.2,29,59.1,84.1,24.5,
"Soto, Juan","665742","2019",".285",".575",".394",".409",".405",".290",".442",".465",".368",".374","92","12.5",12.3,66.7,20.3,55.1,84,24,
"Reynolds, Bryan","668804","2019",".293",".474",".371",".359",".361",".181",".446",".429",".413",".389","89.5","9.4",6.7,72.1,28.1,52,84.2,26.3,